Betalingsform;Rabatform
Kontant/kort;Ingen rabat
BroBizz;Dagsbillet
Kontant/kort;Weekendbillet
BroBizz;Ingen rabat
BroBizz;Ingen rabat
Kontant/kort;Dagsbillet
Kontant/kort;Ingen rabat
BroBizz;Ingen rabat
BroBizz;Ingen rabat
BroBizz;Ingen rabat
BroBizz;Ingen rabat
BroBizz;Weekendbillet
Kontant/kort;Ingen rabat
BroBizz;Ingen rabat
BroBizz;Weekendbillet
Kontant/kort;Weekendbillet
BroBizz;Weekendbillet
BroBizz;Weekendbillet
Kontant/kort;Ingen rabat
Kontant/kort;Ingen rabat
Kontant/kort;Ingen rabat
Kontant/kort;Ingen rabat
BroBizz;Aftenbillet
Kontant/kort;Ingen rabat
Kontant/kort;Ingen rabat
BroBizz;Weekendbillet
BroBizz;Dagsbillet
Kontant/kort;Ingen rabat
BroBizz;Weekendbillet
Kontant/kort;Dagsbillet
BroBizz;Ingen rabat
BroBizz;Ingen rabat
BroBizz;Weekendbillet
Kontant/kort;Ingen rabat
BroBizz;Ingen rabat
Kontant/kort;Weekendbillet
Kontant/kort;Ingen rabat
Kontant/kort;Ingen rabat
Kontant/kort;Weekendbillet
BroBizz;Weekendbillet
BroBizz;Ingen rabat
Kontant/kort;Ingen rabat
Kontant/kort;Ingen rabat
BroBizz;Ingen rabat
Kontant/kort;Ingen rabat
BroBizz;Weekendbillet
Kontant/kort;Ingen rabat
Kontant/kort;Ingen rabat
Kontant/kort;Dagsbillet
Kontant/kort;Dagsbillet
Kontant/kort;Ingen rabat
BroBizz;Ingen rabat
Kontant/kort;Dagsbillet
Kontant/kort;Weekendbillet
Kontant/kort;Dagsbillet
Kontant/kort;Ingen rabat
BroBizz;Dagsbillet
BroBizz;Ingen rabat
Kontant/kort;Ingen rabat
Kontant/kort;Ingen rabat
BroBizz;Ingen rabat
BroBizz;Dagsbillet
BroBizz;Ingen rabat
BroBizz;Weekendbillet
BroBizz;Ingen rabat
BroBizz;Weekendbillet
Kontant/kort;Aftenbillet
Kontant/kort;Ingen rabat
Kontant/kort;Ingen rabat
BroBizz;Ingen rabat
Kontant/kort;Weekendbillet
BroBizz;Ingen rabat
Kontant/kort;Ingen rabat
Kontant/kort;Ingen rabat
Kontant/kort;Weekendbillet
BroBizz;Ingen rabat
BroBizz;Ingen rabat
Kontant/kort;Dagsbillet
BroBizz;Ingen rabat
Kontant/kort;Ingen rabat
BroBizz;Weekendbillet
BroBizz;Weekendbillet
Kontant/kort;Ingen rabat
Kontant/kort;Ingen rabat
Kontant/kort;Ingen rabat
Kontant/kort;Ingen rabat
Kontant/kort;Weekendbillet
BroBizz;Ingen rabat
BroBizz;Ingen rabat
BroBizz;Ingen rabat
Kontant/kort;Dagsbillet
BroBizz;Ingen rabat
Kontant/kort;Ingen rabat
BroBizz;Weekendbillet
Kontant/kort;Weekendbillet
BroBizz;Dagsbillet
Kontant/kort;Ingen rabat
Kontant/kort;Ingen rabat
BroBizz;Ingen rabat
BroBizz;Ingen rabat
Kontant/kort;Ingen rabat
BroBizz;Ingen rabat
Kontant/kort;Ingen rabat
BroBizz;Ingen rabat
Kontant/kort;Ingen rabat
Kontant/kort;Ingen rabat
BroBizz;Dagsbillet
Kontant/kort;Dagsbillet
BroBizz;Ingen rabat
BroBizz;Ingen rabat
BroBizz;Dagsbillet
Kontant/kort;Weekendbillet
BroBizz;Ingen rabat
Kontant/kort;Weekendbillet
BroBizz;Weekendbillet
Kontant/kort;Ingen rabat
Kontant/kort;Ingen rabat
Kontant/kort;Ingen rabat
BroBizz;Ingen rabat
BroBizz;Dagsbillet
BroBizz;Ingen rabat
BroBizz;Weekendbillet
BroBizz;Ingen rabat
BroBizz;Ingen rabat
BroBizz;Ingen rabat
Kontant/kort;Weekendbillet
BroBizz;Ingen rabat
BroBizz;Ingen rabat
BroBizz;Weekendbillet
BroBizz;Ingen rabat
BroBizz;Ingen rabat
Kontant/kort;Dagsbillet
Kontant/kort;Ingen rabat
Kontant/kort;Ingen rabat
BroBizz;Ingen rabat
Kontant/kort;Ingen rabat
Kontant/kort;Ingen rabat
Kontant/kort;Ingen rabat
Kontant/kort;Ingen rabat
BroBizz;Ingen rabat
Kontant/kort;Ingen rabat
Kontant/kort;Ingen rabat
Kontant/kort;Ingen rabat
BroBizz;Weekendbillet
BroBizz;Dagsbillet
BroBizz;Ingen rabat
BroBizz;Dagsbillet
Kontant/kort;Ingen rabat
Kontant/kort;Ingen rabat
Kontant/kort;Ingen rabat
Kontant/kort;Ingen rabat
Kontant/kort;Ingen rabat
Kontant/kort;Aftenbillet
BroBizz;Ingen rabat
Kontant/kort;Ingen rabat
Kontant/kort;Ingen rabat
Kontant/kort;Ingen rabat
BroBizz;Dagsbillet
Kontant/kort;Ingen rabat
Kontant/kort;Weekendbillet
Kontant/kort;Ingen rabat
Kontant/kort;Ingen rabat
Kontant/kort;Aftenbillet
BroBizz;Weekendbillet
Kontant/kort;Ingen rabat
Kontant/kort;Ingen rabat
BroBizz;Weekendbillet
BroBizz;Weekendbillet
Kontant/kort;Ingen rabat
BroBizz;Ingen rabat
BroBizz;Ingen rabat
BroBizz;Weekendbillet
Kontant/kort;Weekendbillet
Kontant/kort;Ingen rabat
BroBizz;Ingen rabat
BroBizz;Aftenbillet
BroBizz;Weekendbillet
BroBizz;Ingen rabat
BroBizz;Weekendbillet
Kontant/kort;Ingen rabat
Kontant/kort;Weekendbillet
Kontant/kort;Weekendbillet
BroBizz;Ingen rabat
Kontant/kort;Ingen rabat
BroBizz;Ingen rabat
Kontant/kort;Weekendbillet
Kontant/kort;Ingen rabat
Kontant/kort;Ingen rabat
BroBizz;Ingen rabat
BroBizz;Ingen rabat
Kontant/kort;Aftenbillet
Kontant/kort;Ingen rabat
BroBizz;Ingen rabat
Kontant/kort;Ingen rabat
BroBizz;Dagsbillet
Kontant/kort;Ingen rabat
Kontant/kort;Ingen rabat
Kontant/kort;Ingen rabat
Kontant/kort;Ingen rabat
Kontant/kort;Ingen rabat
Kontant/kort;Ingen rabat
BroBizz;Ingen rabat
Kontant/kort;Ingen rabat
Kontant/kort;Ingen rabat
BroBizz;Ingen rabat
Kontant/kort;Ingen rabat
BroBizz;Ingen rabat
BroBizz;Ingen rabat
Kontant/kort;Ingen rabat
BroBizz;Ingen rabat
Kontant/kort;Ingen rabat
Kontant/kort;Ingen rabat
BroBizz;Ingen rabat
BroBizz;Ingen rabat
Kontant/kort;Ingen rabat
Kontant/kort;Dagsbillet
Kontant/kort;Weekendbillet
Kontant/kort;Ingen rabat
Kontant/kort;Ingen rabat
Kontant/kort;Ingen rabat
Kontant/kort;Ingen rabat
Kontant/kort;Ingen rabat
BroBizz;Weekendbillet
BroBizz;Weekendbillet
Kontant/kort;Ingen rabat
BroBizz;Weekendbillet
BroBizz;Ingen rabat
Kontant/kort;Ingen rabat
BroBizz;Ingen rabat
Kontant/kort;Ingen rabat
BroBizz;Ingen rabat
BroBizz;Ingen rabat
BroBizz;Dagsbillet
Kontant/kort;Ingen rabat
Kontant/kort;Ingen rabat
BroBizz;Weekendbillet
BroBizz;Ingen rabat
BroBizz;Ingen rabat
Kontant/kort;Ingen rabat
Kontant/kort;Ingen rabat
Kontant/kort;Ingen rabat
Kontant/kort;Ingen rabat
Kontant/kort;Ingen rabat
BroBizz;Ingen rabat
Kontant/kort;Ingen rabat
BroBizz;Weekendbillet
BroBizz;Ingen rabat
Kontant/kort;Weekendbillet
BroBizz;Weekendbillet
BroBizz;Ingen rabat
Kontant/kort;Ingen rabat
Kontant/kort;Weekendbillet
Kontant/kort;Ingen rabat
Kontant/kort;Ingen rabat
Kontant/kort;Ingen rabat
Kontant/kort;Ingen rabat
Kontant/kort;Ingen rabat
Kontant/kort;Ingen rabat
Kontant/kort;Weekendbillet
BroBizz;Ingen rabat
Kontant/kort;Ingen rabat
BroBizz;Ingen rabat
Kontant/kort;Dagsbillet
Kontant/kort;Dagsbillet
BroBizz;Weekendbillet
Kontant/kort;Ingen rabat
Kontant/kort;Ingen rabat
BroBizz;Weekendbillet
BroBizz;Ingen rabat
BroBizz;Weekendbillet
Kontant/kort;Dagsbillet
BroBizz;Ingen rabat
BroBizz;Ingen rabat
BroBizz;Ingen rabat
BroBizz;Ingen rabat
Kontant/kort;Ingen rabat
Kontant/kort;Ingen rabat
Kontant/kort;Dagsbillet
BroBizz;Ingen rabat
BroBizz;Ingen rabat
BroBizz;Weekendbillet
Kontant/kort;Ingen rabat
Kontant/kort;Ingen rabat
Kontant/kort;Ingen rabat
Kontant/kort;Ingen rabat
BroBizz;Ingen rabat
Kontant/kort;Weekendbillet
Kontant/kort;Weekendbillet
BroBizz;Ingen rabat
BroBizz;Aftenbillet
BroBizz;Ingen rabat
Kontant/kort;Ingen rabat
Kontant/kort;Ingen rabat
Kontant/kort;Ingen rabat
Kontant/kort;Ingen rabat
BroBizz;Ingen rabat
BroBizz;Weekendbillet
BroBizz;Ingen rabat
BroBizz;Ingen rabat
Kontant/kort;Ingen rabat
Kontant/kort;Ingen rabat
Kontant/kort;Dagsbillet
BroBizz;Ingen rabat
Kontant/kort;Ingen rabat
BroBizz;Ingen rabat
Kontant/kort;Ingen rabat
BroBizz;Dagsbillet
Kontant/kort;Ingen rabat
BroBizz;Ingen rabat
BroBizz;Ingen rabat
Kontant/kort;Ingen rabat
Kontant/kort;Dagsbillet
Kontant/kort;Ingen rabat
BroBizz;Ingen rabat
BroBizz;Ingen rabat
BroBizz;Ingen rabat
BroBizz;Weekendbillet
Kontant/kort;Ingen rabat
BroBizz;Ingen rabat
BroBizz;Ingen rabat
Kontant/kort;Weekendbillet
BroBizz;Ingen rabat
BroBizz;Ingen rabat
Kontant/kort;Ingen rabat
BroBizz;Ingen rabat
BroBizz;Weekendbillet
Kontant/kort;Ingen rabat
Kontant/kort;Ingen rabat
Kontant/kort;Ingen rabat
Kontant/kort;Ingen rabat
Kontant/kort;Ingen rabat
BroBizz;Ingen rabat
BroBizz;Weekendbillet
BroBizz;Ingen rabat
BroBizz;Ingen rabat
BroBizz;Dagsbillet
BroBizz;Weekendbillet
Kontant/kort;Ingen rabat
BroBizz;Dagsbillet
Kontant/kort;Ingen rabat
Kontant/kort;Weekendbillet
Kontant/kort;Ingen rabat
BroBizz;Ingen rabat
BroBizz;Weekendbillet
Kontant/kort;Ingen rabat
BroBizz;Ingen rabat
BroBizz;Ingen rabat
Kontant/kort;Ingen rabat
Kontant/kort;Ingen rabat
Kontant/kort;Ingen rabat
Kontant/kort;Weekendbillet
Kontant/kort;Dagsbillet
BroBizz;Weekendbillet
Kontant/kort;Ingen rabat
BroBizz;Weekendbillet
Kontant/kort;Ingen rabat
BroBizz;Weekendbillet
Kontant/kort;Aftenbillet
BroBizz;Ingen rabat
BroBizz;Weekendbillet
Kontant/kort;Ingen rabat
Kontant/kort;Ingen rabat
Kontant/kort;Ingen rabat
BroBizz;Dagsbillet
Kontant/kort;Ingen rabat
BroBizz;Ingen rabat
BroBizz;Dagsbillet
BroBizz;Dagsbillet
Kontant/kort;Ingen rabat
BroBizz;Weekendbillet
BroBizz;Ingen rabat
Kontant/kort;Ingen rabat
BroBizz;Ingen rabat
Kontant/kort;Ingen rabat
Kontant/kort;Ingen rabat
BroBizz;Dagsbillet
Kontant/kort;Dagsbillet
Kontant/kort;Ingen rabat
BroBizz;Dagsbillet
Kontant/kort;Ingen rabat
BroBizz;Ingen rabat
Kontant/kort;Ingen rabat
BroBizz;Ingen rabat
Kontant/kort;Ingen rabat
Kontant/kort;Ingen rabat
BroBizz;Ingen rabat
Kontant/kort;Ingen rabat
Kontant/kort;Weekendbillet
BroBizz;Ingen rabat
BroBizz;Ingen rabat
Kontant/kort;Ingen rabat
BroBizz;Ingen rabat
BroBizz;Dagsbillet
Kontant/kort;Ingen rabat
Kontant/kort;Dagsbillet
Kontant/kort;Ingen rabat
Kontant/kort;Ingen rabat
BroBizz;Weekendbillet
Kontant/kort;Ingen rabat
Kontant/kort;Ingen rabat
BroBizz;Ingen rabat
Kontant/kort;Ingen rabat
BroBizz;Ingen rabat
Kontant/kort;Ingen rabat
Kontant/kort;Aftenbillet
Kontant/kort;Ingen rabat
BroBizz;Ingen rabat
Kontant/kort;Ingen rabat
BroBizz;Weekendbillet
Kontant/kort;Ingen rabat
BroBizz;Weekendbillet
Kontant/kort;Ingen rabat
Kontant/kort;Ingen rabat
Kontant/kort;Ingen rabat
Kontant/kort;Ingen rabat
Kontant/kort;Ingen rabat
Kontant/kort;Ingen rabat
Kontant/kort;Ingen rabat
BroBizz;Ingen rabat
BroBizz;Ingen rabat
BroBizz;Weekendbillet
Kontant/kort;Aftenbillet
Kontant/kort;Ingen rabat
Kontant/kort;Ingen rabat
BroBizz;Ingen rabat
BroBizz;Ingen rabat
Kontant/kort;Ingen rabat
Kontant/kort;Ingen rabat
BroBizz;Ingen rabat
BroBizz;Weekendbillet
Kontant/kort;Ingen rabat
Kontant/kort;Ingen rabat
BroBizz;Ingen rabat
BroBizz;Dagsbillet
Kontant/kort;Ingen rabat
BroBizz;Weekendbillet
Kontant/kort;Ingen rabat
BroBizz;Ingen rabat
Kontant/kort;Ingen rabat
Kontant/kort;Ingen rabat
Kontant/kort;Dagsbillet
Kontant/kort;Dagsbillet
Kontant/kort;Ingen rabat
Kontant/kort;Ingen rabat
Kontant/kort;Ingen rabat
BroBizz;Ingen rabat
Kontant/kort;Ingen rabat
Kontant/kort;Ingen rabat
BroBizz;Aftenbillet
BroBizz;Ingen rabat
BroBizz;Ingen rabat
BroBizz;Dagsbillet
BroBizz;Ingen rabat
BroBizz;Ingen rabat
BroBizz;Ingen rabat
BroBizz;Dagsbillet
BroBizz;Ingen rabat
BroBizz;Ingen rabat
Kontant/kort;Ingen rabat
Kontant/kort;Ingen rabat
BroBizz;Ingen rabat
Kontant/kort;Ingen rabat
Kontant/kort;Ingen rabat
Kontant/kort;Aftenbillet
BroBizz;Weekendbillet
Kontant/kort;Ingen rabat
BroBizz;Ingen rabat
Kontant/kort;Weekendbillet
BroBizz;Weekendbillet
BroBizz;Dagsbillet
BroBizz;Ingen rabat
BroBizz;Ingen rabat
Kontant/kort;Weekendbillet
Kontant/kort;Dagsbillet
Kontant/kort;Ingen rabat
BroBizz;Ingen rabat
BroBizz;Ingen rabat
Kontant/kort;Ingen rabat
Kontant/kort;Aftenbillet
Kontant/kort;Ingen rabat
Kontant/kort;Ingen rabat
BroBizz;Ingen rabat
BroBizz;Ingen rabat
Kontant/kort;Weekendbillet
Kontant/kort;Ingen rabat
BroBizz;Ingen rabat
BroBizz;Weekendbillet
BroBizz;Ingen rabat
BroBizz;Weekendbillet
Kontant/kort;Weekendbillet
Kontant/kort;Weekendbillet
Kontant/kort;Ingen rabat
BroBizz;Ingen rabat
Kontant/kort;Ingen rabat
BroBizz;Ingen rabat
Kontant/kort;Ingen rabat
BroBizz;Ingen rabat
Kontant/kort;Weekendbillet
BroBizz;Weekendbillet
BroBizz;Ingen rabat
Kontant/kort;Weekendbillet
Kontant/kort;Ingen rabat
BroBizz;Ingen rabat
BroBizz;Ingen rabat
Kontant/kort;Ingen rabat
BroBizz;Weekendbillet
BroBizz;Ingen rabat
BroBizz;Weekendbillet
BroBizz;Ingen rabat
BroBizz;Ingen rabat
BroBizz;Ingen rabat
Kontant/kort;Weekendbillet
BroBizz;Weekendbillet
Kontant/kort;Weekendbillet
Kontant/kort;Weekendbillet
BroBizz;Weekendbillet
Kontant/kort;Ingen rabat
Kontant/kort;Weekendbillet
Kontant/kort;Ingen rabat
BroBizz;Ingen rabat
BroBizz;Ingen rabat
BroBizz;Weekendbillet
Kontant/kort;Ingen rabat
Kontant/kort;Ingen rabat
Kontant/kort;Aftenbillet
Kontant/kort;Weekendbillet
Kontant/kort;Ingen rabat
Kontant/kort;Ingen rabat
Kontant/kort;Ingen rabat
BroBizz;Ingen rabat
BroBizz;Ingen rabat
Kontant/kort;Ingen rabat
Kontant/kort;Ingen rabat
Kontant/kort;Weekendbillet
Kontant/kort;Weekendbillet
BroBizz;Weekendbillet
Kontant/kort;Ingen rabat
Kontant/kort;Ingen rabat
BroBizz;Dagsbillet
Kontant/kort;Ingen rabat
Kontant/kort;Ingen rabat
Kontant/kort;Ingen rabat
Kontant/kort;Weekendbillet
Kontant/kort;Weekendbillet
BroBizz;Ingen rabat
Kontant/kort;Ingen rabat
BroBizz;Dagsbillet
Kontant/kort;Ingen rabat
BroBizz;Ingen rabat
BroBizz;Ingen rabat
BroBizz;Dagsbillet
Kontant/kort;Ingen rabat
Kontant/kort;Weekendbillet
BroBizz;Ingen rabat
Kontant/kort;Weekendbillet
BroBizz;Ingen rabat
BroBizz;Ingen rabat
BroBizz;Ingen rabat
BroBizz;Ingen rabat
BroBizz;Dagsbillet
Kontant/kort;Ingen rabat
Kontant/kort;Ingen rabat
BroBizz;Ingen rabat
BroBizz;Ingen rabat
Kontant/kort;Ingen rabat
BroBizz;Weekendbillet
Kontant/kort;Weekendbillet
BroBizz;Ingen rabat
Kontant/kort;Ingen rabat
BroBizz;Ingen rabat
Kontant/kort;Ingen rabat
Kontant/kort;Ingen rabat
BroBizz;Ingen rabat
Kontant/kort;Ingen rabat
BroBizz;Ingen rabat
Kontant/kort;Ingen rabat
BroBizz;Ingen rabat
BroBizz;Ingen rabat
BroBizz;Ingen rabat
Kontant/kort;Ingen rabat
Kontant/kort;Ingen rabat
BroBizz;Ingen rabat
BroBizz;Weekendbillet
Kontant/kort;Weekendbillet
BroBizz;Ingen rabat
Kontant/kort;Ingen rabat
BroBizz;Ingen rabat
BroBizz;Weekendbillet
Kontant/kort;Ingen rabat
Kontant/kort;Ingen rabat
Kontant/kort;Ingen rabat
BroBizz;Dagsbillet
BroBizz;Ingen rabat
Kontant/kort;Ingen rabat
BroBizz;Ingen rabat
Kontant/kort;Weekendbillet
Kontant/kort;Ingen rabat
BroBizz;Ingen rabat
Kontant/kort;Ingen rabat
Kontant/kort;Aftenbillet
BroBizz;Weekendbillet
BroBizz;Ingen rabat
BroBizz;Weekendbillet
BroBizz;Weekendbillet
BroBizz;Ingen rabat
BroBizz;Ingen rabat
Kontant/kort;Ingen rabat
BroBizz;Ingen rabat
BroBizz;Ingen rabat
Kontant/kort;Ingen rabat
BroBizz;Ingen rabat
BroBizz;Weekendbillet
BroBizz;Dagsbillet
BroBizz;Dagsbillet
BroBizz;Weekendbillet
Kontant/kort;Ingen rabat
Kontant/kort;Ingen rabat
Kontant/kort;Ingen rabat
BroBizz;Ingen rabat
BroBizz;Weekendbillet
BroBizz;Dagsbillet
BroBizz;Ingen rabat
Kontant/kort;Ingen rabat
BroBizz;Dagsbillet
BroBizz;Ingen rabat
BroBizz;Weekendbillet
BroBizz;Ingen rabat
Kontant/kort;Ingen rabat
Kontant/kort;Ingen rabat
Kontant/kort;Ingen rabat
BroBizz;Ingen rabat
Kontant/kort;Ingen rabat
Kontant/kort;Dagsbillet
Kontant/kort;Dagsbillet
BroBizz;Weekendbillet
Kontant/kort;Ingen rabat
BroBizz;Dagsbillet
BroBizz;Ingen rabat
Kontant/kort;Weekendbillet
BroBizz;Ingen rabat
BroBizz;Ingen rabat
Kontant/kort;Ingen rabat
BroBizz;Weekendbillet
Kontant/kort;Dagsbillet
BroBizz;Weekendbillet
Kontant/kort;Ingen rabat
BroBizz;Weekendbillet
Kontant/kort;Ingen rabat
BroBizz;Ingen rabat
Kontant/kort;Ingen rabat
Kontant/kort;Ingen rabat
Kontant/kort;Ingen rabat
BroBizz;Dagsbillet
BroBizz;Ingen rabat
Kontant/kort;Ingen rabat
BroBizz;Ingen rabat
Kontant/kort;Ingen rabat
BroBizz;Ingen rabat
Kontant/kort;Dagsbillet
Kontant/kort;Ingen rabat
BroBizz;Weekendbillet
BroBizz;Weekendbillet
Kontant/kort;Ingen rabat
Kontant/kort;Ingen rabat
Kontant/kort;Ingen rabat
Kontant/kort;Ingen rabat
BroBizz;Weekendbillet
BroBizz;Weekendbillet
BroBizz;Ingen rabat
BroBizz;Ingen rabat
BroBizz;Weekendbillet
Kontant/kort;Ingen rabat
BroBizz;Weekendbillet
Kontant/kort;Ingen rabat
Kontant/kort;Ingen rabat
Kontant/kort;Ingen rabat
BroBizz;Ingen rabat
Kontant/kort;Ingen rabat
Kontant/kort;Ingen rabat
Kontant/kort;Ingen rabat
BroBizz;Ingen rabat
BroBizz;Ingen rabat
BroBizz;Weekendbillet
Kontant/kort;Ingen rabat
Kontant/kort;Ingen rabat
BroBizz;Ingen rabat
Kontant/kort;Ingen rabat
BroBizz;Ingen rabat
Kontant/kort;Weekendbillet
Kontant/kort;Ingen rabat
BroBizz;Dagsbillet
Kontant/kort;Ingen rabat
BroBizz;Weekendbillet
Kontant/kort;Ingen rabat
BroBizz;Weekendbillet
BroBizz;Ingen rabat
Kontant/kort;Ingen rabat
Kontant/kort;Ingen rabat
Kontant/kort;Ingen rabat
BroBizz;Ingen rabat
BroBizz;Ingen rabat
Kontant/kort;Ingen rabat
Kontant/kort;Weekendbillet
Kontant/kort;Dagsbillet
Kontant/kort;Dagsbillet
BroBizz;Ingen rabat
BroBizz;Ingen rabat
BroBizz;Dagsbillet
Kontant/kort;Weekendbillet
Kontant/kort;Weekendbillet
BroBizz;Weekendbillet
BroBizz;Weekendbillet
Kontant/kort;Ingen rabat
Kontant/kort;Ingen rabat
BroBizz;Weekendbillet
Kontant/kort;Dagsbillet
Kontant/kort;Weekendbillet
BroBizz;Aftenbillet
Kontant/kort;Ingen rabat
BroBizz;Ingen rabat
BroBizz;Weekendbillet
Kontant/kort;Ingen rabat
BroBizz;Weekendbillet
Kontant/kort;Ingen rabat
Kontant/kort;Ingen rabat
BroBizz;Weekendbillet
Kontant/kort;Ingen rabat
BroBizz;Ingen rabat
BroBizz;Weekendbillet
Kontant/kort;Aftenbillet
BroBizz;Ingen rabat
BroBizz;Dagsbillet
BroBizz;Ingen rabat
Kontant/kort;Ingen rabat
BroBizz;Ingen rabat
Kontant/kort;Ingen rabat
BroBizz;Ingen rabat
BroBizz;Weekendbillet
Kontant/kort;Ingen rabat
Kontant/kort;Ingen rabat
BroBizz;Ingen rabat
Kontant/kort;Ingen rabat
BroBizz;Ingen rabat
Kontant/kort;Weekendbillet
Kontant/kort;Weekendbillet
BroBizz;Weekendbillet
Kontant/kort;Weekendbillet
Kontant/kort;Ingen rabat
BroBizz;Dagsbillet
Kontant/kort;Ingen rabat
BroBizz;Ingen rabat
Kontant/kort;Aftenbillet
BroBizz;Weekendbillet
Kontant/kort;Ingen rabat
BroBizz;Ingen rabat
BroBizz;Ingen rabat
BroBizz;Aftenbillet
Kontant/kort;Ingen rabat
Kontant/kort;Ingen rabat
Kontant/kort;Ingen rabat
BroBizz;Dagsbillet
Kontant/kort;Ingen rabat
Kontant/kort;Ingen rabat
Kontant/kort;Ingen rabat
Kontant/kort;Ingen rabat
BroBizz;Ingen rabat
Kontant/kort;Weekendbillet
BroBizz;Weekendbillet
Kontant/kort;Ingen rabat
BroBizz;Aftenbillet
Kontant/kort;Ingen rabat
BroBizz;Dagsbillet
BroBizz;Ingen rabat
Kontant/kort;Ingen rabat
BroBizz;Weekendbillet
BroBizz;Ingen rabat
Kontant/kort;Ingen rabat
Kontant/kort;Weekendbillet
Kontant/kort;Ingen rabat
Kontant/kort;Ingen rabat
Kontant/kort;Ingen rabat
Kontant/kort;Ingen rabat
Kontant/kort;Ingen rabat
Kontant/kort;Ingen rabat
Kontant/kort;Weekendbillet
BroBizz;Weekendbillet
BroBizz;Dagsbillet
Kontant/kort;Ingen rabat
Kontant/kort;Ingen rabat
BroBizz;Ingen rabat
BroBizz;Weekendbillet
BroBizz;Ingen rabat
Kontant/kort;Ingen rabat
Kontant/kort;Weekendbillet
BroBizz;Ingen rabat
BroBizz;Dagsbillet
Kontant/kort;Weekendbillet
BroBizz;Dagsbillet
BroBizz;Ingen rabat
BroBizz;Ingen rabat
Kontant/kort;Weekendbillet
BroBizz;Ingen rabat
Kontant/kort;Weekendbillet
BroBizz;Ingen rabat
BroBizz;Weekendbillet
BroBizz;Ingen rabat
Kontant/kort;Ingen rabat
Kontant/kort;Dagsbillet
Kontant/kort;Ingen rabat
BroBizz;Ingen rabat
Kontant/kort;Dagsbillet
Kontant/kort;Ingen rabat
Kontant/kort;Ingen rabat
Kontant/kort;Ingen rabat
Kontant/kort;Ingen rabat
Kontant/kort;Ingen rabat
BroBizz;Ingen rabat
BroBizz;Dagsbillet
BroBizz;Weekendbillet
Kontant/kort;Ingen rabat
Kontant/kort;Ingen rabat
BroBizz;Ingen rabat
BroBizz;Weekendbillet
Kontant/kort;Ingen rabat
Kontant/kort;Ingen rabat
Kontant/kort;Dagsbillet
Kontant/kort;Ingen rabat
Kontant/kort;Weekendbillet
Kontant/kort;Ingen rabat
BroBizz;Weekendbillet
BroBizz;Weekendbillet
BroBizz;Ingen rabat
BroBizz;Ingen rabat
Kontant/kort;Ingen rabat
Kontant/kort;Dagsbillet
BroBizz;Ingen rabat
Kontant/kort;Ingen rabat
BroBizz;Ingen rabat
Kontant/kort;Ingen rabat
Kontant/kort;Ingen rabat
Kontant/kort;Weekendbillet
BroBizz;Ingen rabat
Kontant/kort;Ingen rabat
Kontant/kort;Ingen rabat
BroBizz;Weekendbillet
Kontant/kort;Ingen rabat
BroBizz;Ingen rabat
Kontant/kort;Weekendbillet
Kontant/kort;Ingen rabat
Kontant/kort;Ingen rabat
Kontant/kort;Ingen rabat
Kontant/kort;Ingen rabat
BroBizz;Ingen rabat
BroBizz;Ingen rabat
BroBizz;Ingen rabat
BroBizz;Ingen rabat
BroBizz;Weekendbillet
Kontant/kort;Ingen rabat
BroBizz;Weekendbillet
Kontant/kort;Ingen rabat
Kontant/kort;Dagsbillet
BroBizz;Ingen rabat
BroBizz;Ingen rabat
Kontant/kort;Ingen rabat
Kontant/kort;Ingen rabat
Kontant/kort;Ingen rabat
Kontant/kort;Aftenbillet
Kontant/kort;Dagsbillet
BroBizz;Weekendbillet
Kontant/kort;Weekendbillet
BroBizz;Weekendbillet
BroBizz;Ingen rabat
BroBizz;Dagsbillet
BroBizz;Weekendbillet
Kontant/kort;Ingen rabat
Kontant/kort;Ingen rabat
Kontant/kort;Ingen rabat
Kontant/kort;Ingen rabat
Kontant/kort;Ingen rabat
BroBizz;Ingen rabat
Kontant/kort;Ingen rabat
Kontant/kort;Ingen rabat
BroBizz;Weekendbillet
Kontant/kort;Ingen rabat
BroBizz;Weekendbillet
BroBizz;Weekendbillet
BroBizz;Ingen rabat
BroBizz;Weekendbillet
BroBizz;Ingen rabat
BroBizz;Ingen rabat
Kontant/kort;Dagsbillet
Kontant/kort;Ingen rabat
BroBizz;Ingen rabat
Kontant/kort;Ingen rabat
Kontant/kort;Dagsbillet
BroBizz;Weekendbillet
Kontant/kort;Ingen rabat
Kontant/kort;Ingen rabat
Kontant/kort;Ingen rabat
Kontant/kort;Ingen rabat
Kontant/kort;Ingen rabat
BroBizz;Weekendbillet
Kontant/kort;Ingen rabat
BroBizz;Ingen rabat
BroBizz;Weekendbillet
Kontant/kort;Ingen rabat
Kontant/kort;Ingen rabat
BroBizz;Ingen rabat
BroBizz;Ingen rabat
Kontant/kort;Ingen rabat
BroBizz;Ingen rabat
BroBizz;Weekendbillet
BroBizz;Aftenbillet
Kontant/kort;Weekendbillet
Kontant/kort;Ingen rabat
Kontant/kort;Ingen rabat
Kontant/kort;Weekendbillet
Kontant/kort;Ingen rabat
Kontant/kort;Weekendbillet
Kontant/kort;Ingen rabat
Kontant/kort;Ingen rabat
Kontant/kort;Weekendbillet
Kontant/kort;Ingen rabat
BroBizz;Ingen rabat
Kontant/kort;Weekendbillet
Kontant/kort;Ingen rabat
Kontant/kort;Ingen rabat
Kontant/kort;Ingen rabat
BroBizz;Ingen rabat
BroBizz;Ingen rabat
Kontant/kort;Ingen rabat
BroBizz;Ingen rabat
BroBizz;Weekendbillet
BroBizz;Ingen rabat
BroBizz;Weekendbillet
BroBizz;Dagsbillet
Kontant/kort;Ingen rabat
Kontant/kort;Dagsbillet
Kontant/kort;Ingen rabat
BroBizz;Ingen rabat
BroBizz;Ingen rabat
Kontant/kort;Dagsbillet
BroBizz;Dagsbillet
BroBizz;Dagsbillet
Kontant/kort;Ingen rabat
BroBizz;Ingen rabat
Kontant/kort;Ingen rabat
BroBizz;Ingen rabat
BroBizz;Weekendbillet
Kontant/kort;Ingen rabat
BroBizz;Ingen rabat
BroBizz;Weekendbillet
Kontant/kort;Ingen rabat
Kontant/kort;Dagsbillet
BroBizz;Ingen rabat
Kontant/kort;Ingen rabat
BroBizz;Weekendbillet
BroBizz;Ingen rabat
BroBizz;Weekendbillet
Kontant/kort;Ingen rabat
BroBizz;Dagsbillet
BroBizz;Ingen rabat
Kontant/kort;Dagsbillet
BroBizz;Ingen rabat
Kontant/kort;Ingen rabat
BroBizz;Ingen rabat
Kontant/kort;Weekendbillet
BroBizz;Ingen rabat
BroBizz;Weekendbillet
BroBizz;Dagsbillet
Kontant/kort;Weekendbillet
BroBizz;Weekendbillet
Kontant/kort;Ingen rabat
BroBizz;Ingen rabat
BroBizz;Dagsbillet
BroBizz;Weekendbillet
BroBizz;Ingen rabat
Kontant/kort;Ingen rabat
Kontant/kort;Ingen rabat
BroBizz;Weekendbillet
Kontant/kort;Ingen rabat
Kontant/kort;Ingen rabat
BroBizz;Ingen rabat
Kontant/kort;Weekendbillet
BroBizz;Weekendbillet
Kontant/kort;Ingen rabat
BroBizz;Ingen rabat
BroBizz;Ingen rabat
Kontant/kort;Ingen rabat
BroBizz;Weekendbillet
BroBizz;Ingen rabat
Kontant/kort;Ingen rabat
Kontant/kort;Ingen rabat
Kontant/kort;Ingen rabat
Kontant/kort;Weekendbillet
Kontant/kort;Ingen rabat
BroBizz;Weekendbillet
Kontant/kort;Weekendbillet
BroBizz;Weekendbillet
BroBizz;Ingen rabat
BroBizz;Dagsbillet
Kontant/kort;Weekendbillet
Kontant/kort;Ingen rabat
Kontant/kort;Dagsbillet
BroBizz;Ingen rabat
Kontant/kort;Weekendbillet
BroBizz;Aftenbillet
BroBizz;Dagsbillet
BroBizz;Weekendbillet
BroBizz;Ingen rabat
BroBizz;Ingen rabat
Kontant/kort;Weekendbillet
BroBizz;Weekendbillet
Kontant/kort;Ingen rabat
Kontant/kort;Ingen rabat
Kontant/kort;Ingen rabat
Kontant/kort;Weekendbillet
BroBizz;Ingen rabat
BroBizz;Weekendbillet
BroBizz;Weekendbillet
Kontant/kort;Weekendbillet
Kontant/kort;Ingen rabat
Kontant/kort;Weekendbillet
Kontant/kort;Ingen rabat
BroBizz;Ingen rabat
BroBizz;Ingen rabat
BroBizz;Ingen rabat
BroBizz;Aftenbillet
BroBizz;Ingen rabat
Kontant/kort;Weekendbillet
Kontant/kort;Ingen rabat
Kontant/kort;Dagsbillet
BroBizz;Ingen rabat
BroBizz;Weekendbillet
Kontant/kort;Ingen rabat
Kontant/kort;Weekendbillet
Kontant/kort;Ingen rabat
BroBizz;Ingen rabat
Kontant/kort;Ingen rabat
Kontant/kort;Dagsbillet
Kontant/kort;Dagsbillet
Kontant/kort;Weekendbillet
Kontant/kort;Ingen rabat
BroBizz;Dagsbillet
Kontant/kort;Ingen rabat
Kontant/kort;Dagsbillet
BroBizz;Dagsbillet
BroBizz;Ingen rabat
Kontant/kort;Ingen rabat
BroBizz;Weekendbillet
BroBizz;Weekendbillet
BroBizz;Dagsbillet
BroBizz;Ingen rabat
BroBizz;Ingen rabat
BroBizz;Weekendbillet
BroBizz;Ingen rabat
Kontant/kort;Ingen rabat
Kontant/kort;Ingen rabat
BroBizz;Weekendbillet
Kontant/kort;Aftenbillet
BroBizz;Weekendbillet
BroBizz;Ingen rabat
BroBizz;Ingen rabat
Kontant/kort;Ingen rabat
Kontant/kort;Ingen rabat
Kontant/kort;Ingen rabat
BroBizz;Ingen rabat
BroBizz;Ingen rabat
BroBizz;Dagsbillet
Kontant/kort;Ingen rabat
Kontant/kort;Ingen rabat
Kontant/kort;Dagsbillet
Kontant/kort;Ingen rabat
Kontant/kort;Ingen rabat
Kontant/kort;Dagsbillet
BroBizz;Ingen rabat
Kontant/kort;Ingen rabat
BroBizz;Ingen rabat
BroBizz;Weekendbillet
Kontant/kort;Ingen rabat
BroBizz;Dagsbillet
Kontant/kort;Ingen rabat
Kontant/kort;Dagsbillet
BroBizz;Ingen rabat
Kontant/kort;Dagsbillet
Kontant/kort;Ingen rabat
Kontant/kort;Ingen rabat
BroBizz;Ingen rabat
BroBizz;Aftenbillet
BroBizz;Ingen rabat
Kontant/kort;Weekendbillet
Kontant/kort;Ingen rabat
Kontant/kort;Ingen rabat
Kontant/kort;Ingen rabat
Kontant/kort;Ingen rabat
Kontant/kort;Ingen rabat
Kontant/kort;Ingen rabat
Kontant/kort;Ingen rabat
BroBizz;Ingen rabat
Kontant/kort;Ingen rabat
BroBizz;Dagsbillet
BroBizz;Weekendbillet
Kontant/kort;Weekendbillet
Kontant/kort;Weekendbillet
Kontant/kort;Weekendbillet
Kontant/kort;Ingen rabat
BroBizz;Weekendbillet
BroBizz;Ingen rabat
BroBizz;Ingen rabat
BroBizz;Dagsbillet
BroBizz;Ingen rabat
Kontant/kort;Ingen rabat
Kontant/kort;Ingen rabat
Kontant/kort;Ingen rabat
Kontant/kort;Weekendbillet
BroBizz;Ingen rabat
BroBizz;Weekendbillet
BroBizz;Ingen rabat
Kontant/kort;Ingen rabat
BroBizz;Ingen rabat
Kontant/kort;Ingen rabat
Kontant/kort;Ingen rabat
BroBizz;Aftenbillet
Kontant/kort;Ingen rabat
BroBizz;Ingen rabat
BroBizz;Ingen rabat
Kontant/kort;Aftenbillet
Kontant/kort;Ingen rabat
BroBizz;Ingen rabat
Kontant/kort;Ingen rabat
Kontant/kort;Dagsbillet
BroBizz;Weekendbillet
BroBizz;Ingen rabat
BroBizz;Ingen rabat
BroBizz;Dagsbillet
Kontant/kort;Weekendbillet
Kontant/kort;Ingen rabat
BroBizz;Ingen rabat
BroBizz;Ingen rabat
Kontant/kort;Ingen rabat
BroBizz;Weekendbillet
Kontant/kort;Ingen rabat
Kontant/kort;Ingen rabat
Kontant/kort;Ingen rabat
BroBizz;Aftenbillet
BroBizz;Ingen rabat
Kontant/kort;Ingen rabat
BroBizz;Weekendbillet
Kontant/kort;Ingen rabat
Kontant/kort;Ingen rabat
Kontant/kort;Dagsbillet
Kontant/kort;Ingen rabat
Kontant/kort;Ingen rabat
Kontant/kort;Weekendbillet
BroBizz;Weekendbillet
Kontant/kort;Ingen rabat
BroBizz;Ingen rabat
Kontant/kort;Ingen rabat
Kontant/kort;Ingen rabat
BroBizz;Weekendbillet
Kontant/kort;Ingen rabat
BroBizz;Ingen rabat
Kontant/kort;Ingen rabat
Kontant/kort;Ingen rabat
BroBizz;Ingen rabat
Kontant/kort;Ingen rabat
Kontant/kort;Ingen rabat
Kontant/kort;Ingen rabat
Kontant/kort;Ingen rabat
BroBizz;Ingen rabat
Kontant/kort;Ingen rabat
Kontant/kort;Ingen rabat
Kontant/kort;Ingen rabat
BroBizz;Ingen rabat
BroBizz;Aftenbillet
Kontant/kort;Ingen rabat
BroBizz;Ingen rabat
Kontant/kort;Ingen rabat
Kontant/kort;Weekendbillet
Kontant/kort;Ingen rabat
Kontant/kort;Weekendbillet
Kontant/kort;Ingen rabat
Kontant/kort;Dagsbillet
BroBizz;Aftenbillet
Kontant/kort;Ingen rabat
BroBizz;Ingen rabat
Kontant/kort;Ingen rabat
BroBizz;Ingen rabat
Kontant/kort;Ingen rabat
BroBizz;Ingen rabat
BroBizz;Ingen rabat
Kontant/kort;Ingen rabat
BroBizz;Ingen rabat
BroBizz;Dagsbillet
BroBizz;Weekendbillet
Kontant/kort;Ingen rabat
BroBizz;Weekendbillet
BroBizz;Weekendbillet
BroBizz;Dagsbillet
Kontant/kort;Ingen rabat
BroBizz;Ingen rabat
BroBizz;Ingen rabat
BroBizz;Ingen rabat
Kontant/kort;Weekendbillet
BroBizz;Ingen rabat
Kontant/kort;Weekendbillet
BroBizz;Dagsbillet
Kontant/kort;Weekendbillet
Kontant/kort;Ingen rabat
Kontant/kort;Dagsbillet
Kontant/kort;Weekendbillet
Kontant/kort;Ingen rabat
Kontant/kort;Dagsbillet
Kontant/kort;Ingen rabat
BroBizz;Ingen rabat
BroBizz;Dagsbillet
Kontant/kort;Ingen rabat
Kontant/kort;Ingen rabat
Kontant/kort;Weekendbillet
Kontant/kort;Ingen rabat
Kontant/kort;Ingen rabat
BroBizz;Aftenbillet
BroBizz;Ingen rabat
Kontant/kort;Ingen rabat
Kontant/kort;Ingen rabat
BroBizz;Weekendbillet
Kontant/kort;Ingen rabat
BroBizz;Ingen rabat
Kontant/kort;Ingen rabat
BroBizz;Weekendbillet
Kontant/kort;Ingen rabat
Kontant/kort;Ingen rabat
Kontant/kort;Weekendbillet
Kontant/kort;Ingen rabat
Kontant/kort;Weekendbillet
BroBizz;Ingen rabat
BroBizz;Ingen rabat
BroBizz;Dagsbillet
BroBizz;Ingen rabat
BroBizz;Ingen rabat
Kontant/kort;Weekendbillet
Kontant/kort;Ingen rabat
BroBizz;Ingen rabat
Kontant/kort;Ingen rabat
Kontant/kort;Ingen rabat
BroBizz;Ingen rabat
BroBizz;Ingen rabat
BroBizz;Ingen rabat
Kontant/kort;Ingen rabat
BroBizz;Weekendbillet
BroBizz;Weekendbillet
Kontant/kort;Ingen rabat
Kontant/kort;Ingen rabat
Kontant/kort;Aftenbillet
BroBizz;Weekendbillet
BroBizz;Ingen rabat
Kontant/kort;Ingen rabat
BroBizz;Ingen rabat
BroBizz;Weekendbillet
BroBizz;Ingen rabat
Kontant/kort;Ingen rabat
Kontant/kort;Ingen rabat
Kontant/kort;Ingen rabat
Kontant/kort;Ingen rabat
BroBizz;Weekendbillet
BroBizz;Ingen rabat
Kontant/kort;Ingen rabat
Kontant/kort;Weekendbillet
Kontant/kort;Ingen rabat
Kontant/kort;Dagsbillet
BroBizz;Weekendbillet
Kontant/kort;Weekendbillet
Kontant/kort;Ingen rabat
Kontant/kort;Ingen rabat
BroBizz;Ingen rabat
BroBizz;Ingen rabat
BroBizz;Ingen rabat
BroBizz;Ingen rabat
Kontant/kort;Dagsbillet
BroBizz;Ingen rabat
Kontant/kort;Ingen rabat
Kontant/kort;Ingen rabat
Kontant/kort;Ingen rabat
Kontant/kort;Ingen rabat
BroBizz;Ingen rabat
Kontant/kort;Ingen rabat
Kontant/kort;Ingen rabat
Kontant/kort;Ingen rabat
Kontant/kort;Aftenbillet
Kontant/kort;Weekendbillet
BroBizz;Ingen rabat
BroBizz;Weekendbillet
BroBizz;Ingen rabat
BroBizz;Ingen rabat
BroBizz;Weekendbillet
Kontant/kort;Ingen rabat
Kontant/kort;Ingen rabat
BroBizz;Ingen rabat
Kontant/kort;Ingen rabat
Kontant/kort;Ingen rabat
Kontant/kort;Ingen rabat
BroBizz;Weekendbillet
Kontant/kort;Ingen rabat
Kontant/kort;Ingen rabat
Kontant/kort;Ingen rabat
Kontant/kort;Dagsbillet
Kontant/kort;Ingen rabat
Kontant/kort;Ingen rabat
Kontant/kort;Ingen rabat
Kontant/kort;Ingen rabat
BroBizz;Ingen rabat
BroBizz;Dagsbillet
BroBizz;Weekendbillet
BroBizz;Dagsbillet
Kontant/kort;Ingen rabat
Kontant/kort;Ingen rabat
BroBizz;Ingen rabat
Kontant/kort;Ingen rabat
Kontant/kort;Ingen rabat
BroBizz;Ingen rabat
Kontant/kort;Ingen rabat
BroBizz;Ingen rabat
BroBizz;Ingen rabat
Kontant/kort;Ingen rabat
Kontant/kort;Weekendbillet
Kontant/kort;Ingen rabat
Kontant/kort;Ingen rabat
BroBizz;Ingen rabat
BroBizz;Weekendbillet
Kontant/kort;Weekendbillet
BroBizz;Ingen rabat
BroBizz;Ingen rabat
BroBizz;Ingen rabat
Kontant/kort;Ingen rabat
Kontant/kort;Weekendbillet
Kontant/kort;Ingen rabat
Kontant/kort;Ingen rabat
Kontant/kort;Ingen rabat
Kontant/kort;Ingen rabat
BroBizz;Weekendbillet
BroBizz;Ingen rabat
Kontant/kort;Ingen rabat
Kontant/kort;Ingen rabat
Kontant/kort;Ingen rabat
BroBizz;Ingen rabat
BroBizz;Ingen rabat
Kontant/kort;Ingen rabat
BroBizz;Dagsbillet
BroBizz;Dagsbillet
BroBizz;Weekendbillet
Kontant/kort;Ingen rabat
Kontant/kort;Ingen rabat
BroBizz;Dagsbillet
Kontant/kort;Ingen rabat
BroBizz;Weekendbillet
BroBizz;Aftenbillet
Kontant/kort;Ingen rabat
BroBizz;Dagsbillet
Kontant/kort;Ingen rabat
BroBizz;Weekendbillet
Kontant/kort;Ingen rabat
Kontant/kort;Ingen rabat
BroBizz;Weekendbillet
Kontant/kort;Ingen rabat
Kontant/kort;Ingen rabat
Kontant/kort;Ingen rabat
Kontant/kort;Ingen rabat
BroBizz;Weekendbillet
BroBizz;Ingen rabat
Kontant/kort;Ingen rabat
BroBizz;Dagsbillet
BroBizz;Ingen rabat
Kontant/kort;Ingen rabat
Kontant/kort;Ingen rabat
BroBizz;Weekendbillet
Kontant/kort;Ingen rabat
Kontant/kort;Weekendbillet
BroBizz;Ingen rabat
Kontant/kort;Ingen rabat
BroBizz;Dagsbillet
BroBizz;Weekendbillet
BroBizz;Ingen rabat
BroBizz;Weekendbillet
BroBizz;Ingen rabat
BroBizz;Ingen rabat
Kontant/kort;Ingen rabat
Kontant/kort;Ingen rabat
Kontant/kort;Ingen rabat
BroBizz;Ingen rabat
Kontant/kort;Ingen rabat
Kontant/kort;Dagsbillet
BroBizz;Weekendbillet
Kontant/kort;Ingen rabat
Kontant/kort;Ingen rabat
Kontant/kort;Ingen rabat
Kontant/kort;Ingen rabat
BroBizz;Weekendbillet
BroBizz;Ingen rabat
BroBizz;Ingen rabat
BroBizz;Weekendbillet
